the, 794305
and, 175494
for, 155509
this, 127050
that, 93938
are, 82584
rfc, 77918
not, 64288
with, 62333
protocol, 56571
network, 48804
page, 48282
may, 46060
data, 44791
which, 42563
from, 42005
message, 40983
internet, 40868
type, 40855
information, 40281
address, 38303
will, 36950
object, 36589
used, 34983
can, 34602
value, 32570
must, 32075
use, 30180
should, 29567
only, 29323
number, 28754
one, 28024
name, 27749
has, 26862
host, 26381
any, 26333
other, 25693
all, 25669
user, 25286
server, 25075
when, 24847
access, 24828
set, 24333
status, 23841
field, 23477
group, 22651
request, 21988
each, 21736
have, 20898
system, 20805
time, 20752
standards, 20023
service, 19745
packet, 19743
its, 19727
description, 19217
these, 18945
rrr, 18907
such, 18763
syntax, 18482
new, 18306
routing, 18114
state, 17683
file, 17410
using, 17223
some, 17163
current, 17081
link, 16714
section, 16629
more, 16382
version, 16334
also, 16222
router, 16146
example, 15967
document, 15941
there, 15826
bit, 15775
connection, 15500
header, 15481
list, 15473
defined, 15465
control, 15423
mib, 14994
standard, 14917
security, 14575
tcp, 14558
read, 14420
interface, 14398
client, 14294
mail, 14213
following, 14172
than, 14125
messages, 14098
been, 14024
track, 14009
management, 13978
length, 13737
command, 13713
two, 13692
same, 13552
response, 13534
format, 13398
does, 13296
then, 13275
local, 13115
code, 13042
but, 12878
between, 12872
key, 12820
see, 12665
systems, 12531
table, 12341
would, 12268
end, 12249
error, 12239
string, 12199
case, 12153
domain, 12132
first, 12121
support, 11989
values, 11883
protocols, 11650
implementation, 11600
accepted, 11561
note, 11501
source, 11429
sequence, 11321
specified, 11217
addresses, 11208
level, 11181
packets, 11178
sent, 11158
specification, 11102
process, 11094
objects, 11030
option, 10872
class, 10695
was, 10693
received, 10623
over, 10415
memo, 10409
path, 10353
integer, 10332
line, 10279
identifier, 10009
required, 9980
into, 9957
entry, 9856
working, 9855
text, 9847
attribute, 9837
size, 9662
character, 9634
send, 9628
return, 9590
net, 9582
destination, 9512
order, 9486
based, 9389
function, 9375
point, 9373
part, 9255
available, 9238
particular, 9182
networks, 9135
application, 9041
single, 8979
where, 8958
within, 8921
authentication, 8912
bits, 8904
specific, 8854
layer, 8838
both, 8833
however, 8818
route, 8750
port, 8674
default, 8504
described, 8416
node, 8408
services, 8349
com, 8310
non, 8298
possible, 8289
different, 8260
module, 8241
since, 8080
most, 8056
agent, 8038
max, 8004
fields, 7978
provide, 7962
area, 7900
numbers, 7823
transfer, 7743
snmp, 7683
contains, 7654
gateway, 7648
zero, 7645
you, 7641
directory, 7610
types, 7602
multicast, 7579
either, 7495
content, 7403
given, 7398
form, 7346
transport, 7279
python, 7231
parameter, 7220
hosts, 7217
operation, 7172
octet, 7154
method, 7146
entity, 7133
informational, 7129
ftp, 7117
being, 7103
provides, 7042
names, 7021
march, 7015
parameters, 7012
january, 6970
multiple, 6956
next, 6927
remote, 6877
mandatory, 6826
need, 6820
none, 6814
iso, 6807
indicates, 6784
routers, 6766
associated, 6752
telnet, 6698
edu, 6682
about, 6583
through, 6551
assigned, 6519
mechanism, 6513
processing, 6495
traffic, 6443
encoding, 6387
transmission, 6383
mode, 6318
users, 6304
octets, 6280
could, 6271
options, 6268
characters, 6233
computer, 6219
reply, 6218
postel, 6194
output, 6183
bytes, 6179
algorithm, 6177
those, 6140
how, 5975
attributes, 5974
via, 5973
requirements, 5968
many, 5937
result, 5894
reference, 5886
call, 5869
provided, 5855
optional, 5853
configuration, 5849
byte, 5846
above, 5814
servers, 5813
general, 5812
community, 5785
november, 5770
include, 5726
without, 5720
space, 5712
last, 5707
ascii, 5679
comments, 5647
their, 5616
implementations, 5601
second, 5598
way, 5578
atm, 5567
august, 5520
requests, 5503
present, 5483
input, 5475
arpa, 5470
change, 5448
software, 5422
functions, 5407
session, 5405
policy, 5404
ospf, 5401
nic, 5371
specifies, 5363
simple, 5351
applications, 5348
datagram, 5346
while, 5324
email, 5305
additional, 5303
resource, 5290
after, 5282
another, 5271
model, 5256
stream, 5241
specify, 5226
allow, 5224
april, 5186
sender, 5179
october, 5158
below, 5151
open, 5129
sending, 5059
several, 5033
appropriate, 5026
supported, 5018
structure, 5015
well, 5008
mapping, 5007
research, 4962
frame, 4939
because, 4938
mime, 4934
changes, 4916
instance, 4900
database, 4894
including, 4865
might, 4858
pdu, 4844
june, 4842
extension, 4813
flow, 4797
called, 4760
references, 4757
site, 4741
like, 4739
december, 4731
july, 4727
means, 4701
defines, 4697
counter, 4683
virtual, 4662
returned, 4647
ietf, 4644
udp, 4616
contain, 4612
commands, 4610
definition, 4605
body, 4594
context, 4581
program, 4577
architecture, 4561
report, 4561
whether, 4537
maximum, 4525
date, 4524
extensions, 4504
uses, 4498
create, 4468
get, 4465
what, 4456
ppp, 4442
socket, 4427
per, 4405
september, 4398
necessary, 4397
receive, 4391
always, 4351
write, 4347
http, 4343
they, 4331
now, 4327
allows, 4302
otherwise, 4287
variable, 4274
files, 4266
bgp, 4248
reserved, 4242
problem, 4236
argument, 4235
bbn, 4231
bpo, 4215
public, 4169
inc, 4120
distribution, 4114
terminal, 4109
experimental, 4107
index, 4101
discussion, 4100
event, 4095
neighbor, 4084
included, 4055
issues, 4053
make, 4042
work, 4034
common, 4033
before, 4015
least, 4001
entries, 4000
out, 3999
dns, 3994
itself, 3993
february, 3992
long, 3986
routes, 3984
further, 3973
procedure, 3967
full, 3954
added, 3939
communication, 3927
update, 3916
describes, 3908
currently, 3900
here, 3889
corresponding, 3874
known, 3853
initial, 3850
figure, 3845
interfaces, 3845
cases, 3833
test, 3827
range, 3820
encoded, 3796
operations, 3796
able, 3787
connections, 3786
links, 3783
documents, 3783
resources, 3781
purpose, 3769
existing, 3765
std, 3755
three, 3754
hop, 3746
transmitted, 3737
base, 3727
university, 3716
appendix, 3715
returns, 3707
elective, 3705
thus, 3702
window, 3694
special, 3686
mechanisms, 3680
recommended, 3677
addition, 3674
proposed, 3669
containing, 3664
element, 3647
receiver, 3641
follows, 3635
definitions, 3621
contents, 3619
future, 3600
exchange, 3595
true, 3571
start, 3567
needed, 3564
failure, 3558
ack, 3533
external, 3520
large, 3519
contact, 3512
groups, 3510
considerations, 3501
record, 3499
changed, 3482
during, 3474
peer, 3473
action, 3470
valid, 3470
cannot, 3459
receiving, 3455
define, 3453
media, 3450
mailbox, 3438
phone, 3437
generated, 3435
timer, 3394
indicate, 3393
useful, 3392
implement, 3387
unix, 3383
implemented, 3378
performance, 3372
smtp, 3372
count, 3364
isi, 3364
flag, 3361
delay, 3357
delivery, 3342
basic, 3339
accept, 3331
query, 3327
environment, 3320
international, 3310
under, 3302
directly, 3297
problems, 3296
buffer, 3284
null, 3283
language, 3280
methods, 3279
osi, 3278
seconds, 3276
mit, 3260
checksum, 3256
recipient, 3256
forwarding, 3230
very, 3223
target, 3205
except, 3197
intended, 3188
procedures, 3184
accessible, 3181
connected, 3175
original, 3173
broadcast, 3168
sub, 3166
complete, 3164
scheme, 3159
even, 3158
job, 3155
segment, 3154
token, 3146
high, 3134
related, 3134
organization, 3122
elements, 3122
until, 3115
important, 3114
made, 3114
gateways, 3104
require, 3095
headers, 3094
followed, 3092
registration, 3088
block, 3084
cache, 3084
errors, 3078
codes, 3074
previous, 3071
ethernet, 3064
rather, 3061
rules, 3057
distributed, 3054
printer, 3052
created, 3043
datagrams, 3041
requested, 3041
relay, 3023
machine, 3018
communications, 3012
less, 3010
password, 2999
determine, 2994
lan, 2987
various, 2986
sends, 2978
device, 2971
expected, 2964
were, 2958
requires, 2951
instead, 2934
match, 2932
introduction, 2915
exception, 2910
active, 2895
already, 2888
limited, 2887
ieee, 2884
component, 2878
once, 2877
display, 2866
unique, 2866
private, 2856
summary, 2855
icmp, 2853
compression, 2850
abstract, 2849
tfs, 2846
arguments, 2843
sri, 2839
physical, 2835
nodes, 2828
subnet, 2818
considered, 2818
representation, 2804
imp, 2790
just, 2789
encryption, 2786
includes, 2782
mac, 2782
decimal, 2781
station, 2771
url, 2769
binary, 2763
certificate, 2755
int, 2755
search, 2749
etc, 2748
iab, 2745
location, 2744
add, 2739
supports, 2739
print, 2735
hardware, 2735
identified, 2713
done, 2703
cost, 2700
transaction, 2699
multi, 2699
although, 2699
responses, 2696
ibm, 2692
lines, 2687
total, 2683
managed, 2682
run, 2677
lists, 2672
image, 2671
significant, 2670
still, 2666
found, 2666
switch, 2661
usc, 2655
flags, 2652
small, 2648
self, 2646
sets, 2638
equal, 2633
subject, 2633
times, 2625
copyright, 2625
internal, 2607
examples, 2602
represented, 2601
configured, 2597
tag, 2595
task, 2591
allowed, 2590
rfcs, 2587
copy, 2574
clock, 2564
rate, 2557
refer, 2547
handle, 2546
unit, 2546
left, 2545
tree, 2543
center, 2536
channel, 2535
mccloghrie, 2529
operating, 2521
prefix, 2515
manager, 2514
close, 2512
interval, 2508
individual, 2505
clients, 2499
separate, 2495
primary, 2476
logical, 2465
discussed, 2462
contained, 2461
institute, 2457
party, 2454
reynolds, 2451
connect, 2450
best, 2449
statement, 2448
needs, 2446
back, 2443
identify, 2441
identifies, 2435
echo, 2432
normal, 2421
notification, 2413
term, 2412
payload, 2411
proxy, 2407
approach, 2407
scope, 2396
due, 2395
running, 2395
keys, 2393
modified, 2389
property, 2381
classes, 2380
details, 2369
author, 2365
minimum, 2361
technology, 2347
established, 2345
zone, 2344
api, 2331
arp, 2320
receives, 2318
rose, 2316
domains, 2312
usage, 2309
shown, 2304
check, 2301
design, 2299
similar, 2289
own, 2286
society, 2286
fax, 2286
listed, 2285
mask, 2282
help, 2282
national, 2279
resolution, 2278
often, 2273
global, 2270
import, 2268
addressing, 2268
empty, 2262
members, 2255
exist, 2228
begin, 2226
results, 2225
represents, 2220
algorithms, 2210
whose, 2207
authority, 2201
inter, 2198
forward, 2195
attached, 2192
formats, 2191
crlf, 2190
calls, 2187
arpanet, 2184
sites, 2184
features, 2183
designated, 2183
intermediate, 2180
false, 2178
extended, 2177
monitoring, 2177
registered, 2176
view, 2166
official, 2164
technical, 2163
reason, 2161
certain, 2160
frames, 2155
advertisement, 2152
kind, 2152
components, 2149
real, 2147
entities, 2146
mobile, 2137
force, 2132
fixed, 2131
simply, 2130
letter, 2123
draft, 2121
corporation, 2121
handling, 2118
char, 2115
uri, 2115
top, 2113
much, 2109
later, 2109
usually, 2107
semantics, 2106
wide, 2102
indicated, 2098
never, 2098
pair, 2093
four, 2089
metric, 2088
longer, 2087
consists, 2082
specifications, 2079
dec, 2076
attempt, 2076
paths, 2075
naming, 2073
negotiation, 2073
selected, 2071
old, 2071
period, 2069
setup, 2068
signature, 2068
identifiers, 2067
cause, 2067
timeout, 2057
feature, 2055
unless, 2055
encapsulation, 2054
strings, 2053
right, 2053
your, 2049
item, 2048
actual, 2044
white, 2044
who, 2040
lower, 2038
passed, 2038
stored, 2036
units, 2035
configure, 2034
every, 2033
member, 2030
having, 2030
hello, 2028
transmit, 2027
invalid, 2021
appear, 2015
immediately, 2014
processes, 2010
tables, 2010
please, 2010
privacy, 2008
higher, 2006
records, 2006
collection, 2005
low, 2004
ignored, 2000
providing, 1997
issue, 1994
rights, 1988
performed, 1988
basis, 1985
short, 1985
modules, 1976
circuit, 1974
electronic, 1973
iac, 1973
effect, 1973
take, 1971
agents, 1963
occur, 1958
limit, 1958
html, 1954
across, 1953
engineering, 1953
variables, 1946
memory, 1944
indication, 1938
generate, 1938
info, 1938
identification, 1926
timestamp, 1924
capabilities, 1924
tos, 1923
requirement, 1922
discarded, 1921
allocation, 1920
development, 1919
designed, 1919
iana, 1917
named, 1914
capability, 1911
equivalent, 1911
independent, 1911
terms, 1906
therefore, 1901
entire, 1901
indicating, 1884
framework, 1884
operational, 1879
along, 1877
origin, 1873
www, 1867
mta, 1863
tools, 1862
become, 1857
sys, 1857
perform, 1856
clear, 1854
mark, 1851
programs, 1847
bandwidth, 1845
others, 1843
phase, 1841
relative, 1839
windows, 1839
sciences, 1836
determined, 1835
typically, 1833
qos, 1832
shared, 1832
queue, 1831
authors, 1828
setting, 1827
home, 1826
priority, 1822
transit, 1822
lsa, 1821
foo, 1819
find, 1813
signal, 1809
rsvp, 1806
behavior, 1805
store, 1802
reset, 1798
want, 1797
makes, 1797
ncp, 1797
graphics, 1790
exists, 1790
autonomous, 1789
standardization, 1780
org, 1778
offset, 1777
meeting, 1773
parts, 1763
too, 1759
unlimited, 1759
foreign, 1758
quality, 1758
delete, 1756
side, 1756
incoming, 1755
organizations, 1754
asn, 1753
step, 1753
editor, 1749
outside, 1746
encrypted, 1745
conventions, 1741
events, 1741
according, 1733
greater, 1732
kille, 1732
explicitly, 1731
map, 1726
recent, 1726
states, 1723
provider, 1722
category, 1719
generally, 1715
else, 1715
portion, 1713
consider, 1712
row, 1710
administrative, 1710
correct, 1709
jbp, 1708
policies, 1707
down, 1704
textual, 1704
don, 1703
describe, 1697
statistics, 1696
mtu, 1695
actually, 1693
meaning, 1691
taken, 1691
updated, 1687
areas, 1686
board, 1686
avoid, 1685
mailing, 1681
pointer, 1680
unknown, 1679
desired, 1678
likely, 1678
storage, 1676
final, 1676
boundary, 1673
represent, 1673
rtp, 1672
sections, 1672
updates, 1671
issued, 1670
free, 1666
assumed, 1662
wait, 1661
identity, 1660
keyword, 1660
amount, 1659
register, 1656
login, 1653
normally, 1652
root, 1644
vendor, 1644
originator, 1641
word, 1641
assignment, 1640
choose, 1640
select, 1638
join, 1637
ensure, 1636
filter, 1632
choice, 1628
dynamic, 1628
capable, 1627
purposes, 1625
position, 1624
load, 1622
digest, 1622
instances, 1617
versions, 1615
rip, 1615
few, 1609
written, 1608
backbone, 1606
notice, 1595
iesg, 1595
fragment, 1592
unicast, 1586
digital, 1584
copied, 1584
receipt, 1579
def, 1577
crocker, 1576
congestion, 1575
discard, 1570
overview, 1569
replies, 1565
notation, 1563
previously, 1562
fact, 1561
matches, 1558
takes, 1557
items, 1556
words, 1545
ipng, 1543
ucla, 1542
style, 1537
discovery, 1534
library, 1530
assume, 1530
tip, 1530
selection, 1528
transition, 1525
major, 1524
apply, 1523
dictionary, 1522
hash, 1520
facilities, 1518
loss, 1507
john, 1506
multipart, 1506
explicit, 1505
reliable, 1504
direct, 1503
forwarded, 1501
random, 1500
suggestions, 1499
loop, 1496
secure, 1495
specifying, 1490
practice, 1490
paper, 1486
web, 1482
mars, 1481
points, 1480
tunnel, 1478
label, 1476
clause, 1476
ability, 1473
dependent, 1472
rule, 1472
sun, 1471
charset, 1471
package, 1470
devices, 1469
completed, 1465
solution, 1464
advertisements, 1457
segments, 1457
closed, 1457
subsequent, 1456
science, 1454
ports, 1454
relevant, 1452
suggested, 1452
video, 1451
operator, 1446
occurs, 1444
pyobject, 1444
connectivity, 1443
notes, 1440
convention, 1437
syn, 1437
exactly, 1436
applied, 1434
gopher, 1433
descriptor, 1431
developed, 1431
upper, 1431
deleted, 1425
processed, 1424
unsigned, 1423
generic, 1422
mapped, 1419
calling, 1417
lsas, 1415
suite, 1414
protection, 1412
direction, 1410
published, 1408
tpdu, 1407
association, 1407
oriented, 1405
larger, 1404
contributed, 1404
reasons, 1403
functionality, 1403
supplied, 1400
enough, 1397
braden, 1397
off, 1394
retransmission, 1392
mts, 1390
fully, 1388
successful, 1385
though, 1385
conditions, 1383
place, 1379
responsible, 1378
depending, 1376
automatically, 1372
logging, 1367
follow, 1365
third, 1362
works, 1361
comment, 1360
len, 1358
ignore, 1354
release, 1353
guidelines, 1351
core, 1351
identical, 1351
documentation, 1349
presented, 1348
series, 1346
levels, 1344
resulting, 1344
smi, 1342
xml, 1342
unicode, 1342
alternative, 1341
matching, 1340
speed, 1339
profile, 1336
cisco, 1336
implied, 1335
condition, 1331
dhcp, 1331
interpreted, 1330
finally, 1321
border, 1319
built, 1319
obtain, 1316
continue, 1312
nsap, 1309
compressed, 1309
main, 1309
removed, 1309
effort, 1307
prior, 1306
tool, 1306
pep, 1305
describing, 1304
experience, 1302
making, 1302
digit, 1300
maintain, 1300
secret, 1299
raised, 1298
conformance, 1297
arbitrary, 1296
master, 1294
padding, 1294
egp, 1294
underlying, 1291
news, 1288
acceptable, 1287
subset, 1284
human, 1284
becomes, 1282
better, 1281
progress, 1281
exterior, 1279
struct, 1276
unassigned, 1276
complex, 1276
networking, 1276
environments, 1275
signed, 1275
synchronization, 1273
forms, 1271
hierarchy, 1270
success, 1270
respond, 1269
xerox, 1269
pdus, 1268
guide, 1267
lost, 1266
ring, 1265
try, 1264
pdp, 1264
supporting, 1263
world, 1262
integrity, 1261
mappings, 1261
actions, 1259
mil, 1258
whenever, 1257
str, 1257
netbios, 1256
sharing, 1252
gives, 1251
accounting, 1247
color, 1246
reverse, 1244
lifetime, 1243
min, 1243
waldbusser, 1240
moy, 1239
audio, 1238
allocated, 1238
filename, 1237
trap, 1237
computers, 1233
tuple, 1231
conversion, 1230
namespace, 1228
negative, 1228
derived, 1228
dsa, 1226
stop, 1226
recipients, 1224
causes, 1223
generation, 1223
probably, 1220
ipx, 1219
serial, 1219
creation, 1218
establish, 1218
project, 1218
proposal, 1217
course, 1217
online, 1215
chosen, 1212
possibly, 1210
sip, 1210
pages, 1209
encapsulated, 1208
patch, 1206
detailed, 1206
nwg, 1204
txt, 1202
sample, 1199
communicate, 1199
reports, 1199
numeric, 1197
representing, 1196
interest, 1195
appn, 1194
edition, 1193
topology, 1193
addressed, 1191
decision, 1189
failed, 1188
parser, 1188
prevent, 1187
presentation, 1182
restrictions, 1180
terminate, 1180
obtained, 1178
permitted, 1177
dod, 1176
testing, 1175
interpreter, 1173
regular, 1173
static, 1173
prepared, 1170
compatible, 1169
functional, 1169
review, 1168
consistent, 1167
beginning, 1166
screen, 1166
desirable, 1166
generator, 1165
whois, 1165
establishment, 1163
cmu, 1162
reject, 1160
computing, 1160
commercial, 1160
retrieval, 1160
specifically, 1159
duplicate, 1159
properties, 1159
telephone, 1158
sna, 1156
implicit, 1155
noted, 1153
subnetwork, 1151
manner, 1151
readable, 1149
translation, 1147
detected, 1145
know, 1145
starting, 1139
log, 1139
ntp, 1139
copies, 1139
facility, 1137
queries, 1135
bad, 1132
office, 1132
ansi, 1127
appears, 1126
characteristics, 1125
idle, 1124
placed, 1124
utf, 1123
applicable, 1122
ddn, 1121
expression, 1120
partial, 1120
person, 1114
tests, 1113
california, 1109
reachable, 1108
detail, 1107
bridge, 1106
perhaps, 1106
relationship, 1105
administrator, 1105
availability, 1104
detection, 1103
together, 1102
hex, 1102
ldap, 1100
tiff, 1099
pass, 1096
recommendation, 1096
account, 1096
ccitt, 1096
lock, 1095
wish, 1094
usa, 1094
controlled, 1092
catalog, 1092
break, 1091
shows, 1088
authenticated, 1088
reading, 1086
restart, 1086
recommendations, 1084
far, 1084
advanced, 1083
gss, 1082
role, 1081
bootp, 1081
certificates, 1076
improvements, 1075
earlier, 1074
distance, 1073
compatibility, 1072
msg, 1072
streams, 1071
remove, 1070
refers, 1066
yes, 1064
providers, 1060
des, 1058
modify, 1058
negotiated, 1057
anonymous, 1056
stanford, 1056
pip, 1056
freed, 1055
sufficient, 1053
positive, 1051
keep, 1050
fails, 1050
infrastructure, 1049
depends, 1049
referred, 1049
operate, 1048
acknowledgment, 1048
distinguished, 1048
stack, 1048
plus, 1046
lcp, 1044
overhead, 1044
ipp, 1044
clnp, 1042
correctly, 1042
steve, 1042
creating, 1041
doesn, 1040
allowing, 1040
membership, 1039
unreachable, 1039
ways, 1038
preferred, 1037
effective, 1034
appletalk, 1032
addr, 1027
carry, 1026
machines, 1025
care, 1023
simpson, 1023
history, 1022
interactive, 1021
successfully, 1021
nbma, 1020
easily, 1020
product, 1019
ttl, 1019
involved, 1019
compliance, 1017
blocks, 1017
rsa, 1017
efficient, 1017
variety, 1014
applies, 1013
alias, 1013
mean, 1010
structures, 1010
beyond, 1010
gov, 1009
bob, 1008
initialization, 1008
deprecated, 1008
sometimes, 1005
whole, 1005
binding, 1004
interpretation, 1004
sense, 1001
remaining, 1001
latin, 1000
waiting, 999
pathname, 997
combination, 996
refused, 996
baker, 996
defining, 996
alternate, 995
look, 994
respectively, 994
keywords, 990
layers, 989
good, 988
equipment, 985
reported, 984
treated, 984
again, 983
outgoing, 983
bound, 983
stub, 981
implementors, 979
questions, 978
interaction, 978
box, 977
proper, 977
fyi, 977
ordering, 976
disposition, 976
destinations, 976
trace, 974
repeater, 973
modes, 972
reservation, 969
delivered, 969
integrated, 966
enable, 966
switching, 966
department, 965
codec, 964
question, 963
potential, 963
especially, 963
omitted, 962
terminated, 961
respect, 961
sources, 960
jon, 959
rrs, 959
situation, 957
rekhter, 957
locally, 957
mhs, 956
bar, 954
metrics, 953
registry, 953
transmitting, 953
ucl, 952
minimal, 952
calendar, 948
neighbors, 948
implementing, 946
techniques, 945
activities, 944
reasonable, 943
plan, 942
checks, 942
maintained, 942
notify, 941
printing, 941
width, 937
measurement, 936
vector, 934
verify, 934
something, 933
digits, 933
cross, 932
difficult, 931
reduce, 931
handled, 930
req, 930
reader, 927
fddi, 926
dlsw, 925
around, 925
completely, 924
detect, 923
move, 922
committee, 921
enabled, 920
uni, 919
backup, 918
transactions, 918
easy, 917
languages, 914
initiator, 913
intra, 913
knowledge, 912
completion, 912
adjacent, 912
subnets, 909
sonet, 909
writing, 909
herein, 906
ele, 906
sequences, 906
buffers, 904
precedence, 904
responsibility, 904
statements, 904
moore, 903
minutes, 903
credentials, 902
bitnet, 902
constant, 901
primitive, 899
retrieve, 897
originated, 897
uniquely, 895
permit, 895
handler, 894
flows, 893
tenex, 893
attempts, 891
exit, 890
mckenzie, 890
initiated, 889
optionally, 889
sessions, 889
recovery, 888
ready, 888
suitable, 888
nature, 887
critical, 887
laboratory, 886
analysis, 886
quite, 883
logger, 882
build, 881
located, 879
responder, 878
transparent, 878
obsoletes, 878
printable, 877
conceptual, 877
asynchronous, 877
nhrp, 877
defaults, 876
demand, 875
interconnection, 875
newman, 873
widely, 873
caller, 872
produce, 871
aware, 871
array, 870
originating, 870
monitor, 869
onto, 868
similarly, 868
quoted, 868
replace, 867
raise, 866
darpa, 865
challenge, 864
criteria, 863
wishes, 863
redirect, 862
strategy, 860
replaced, 860
title, 860
cerf, 858
reachability, 857
parties, 855
changing, 855
controls, 854
goal, 854
secondary, 852
mock, 852
thread, 851
restriction, 850
hence, 850
concepts, 850
constraints, 850
yet, 848
typical, 848
identifying, 846
adding, 843
rand, 841
administration, 840
nfs, 839
mar, 839
displaystring, 838
schema, 838
chair, 837
modification, 836
rpc, 836
args, 836
macro, 836
implies, 835
defval, 834
technologies, 833
decnet, 833
throughput, 832
platform, 832
esp, 832
smaller, 832
government, 831
installed, 830
among, 830
schemes, 830
ticket, 830
accepts, 830
doing, 830
authoritative, 830
ifindex, 829
directed, 828
mitre, 827
minute, 825
extra, 825
reception, 825
displayed, 825
publication, 825
resolver, 824
robert, 824
regardless, 823
connectionless, 823
steps, 822
acknowledgement, 822
platforms, 821
ucsb, 820
necessarily, 819
formal, 819
smith, 819
abort, 819
facsimile, 818
ones, 818
authenticate, 817
descriptions, 817
determines, 816
reliability, 816
remain, 815
pairs, 814
advertised, 814
act, 814
multimedia, 812
separated, 812
our, 811
incremented, 810
started, 809
generating, 808
archives, 807
hierarchical, 807
acknowledgments, 807
limitations, 806
cookie, 806
share, 806
sockets, 805
reached, 805
inside, 805
lookup, 805
aggregation, 802
guaranteed, 801
column, 800
difference, 800
calculated, 799
show, 799
requesting, 799
warning, 799
unused, 798
multics, 797
preference, 796
revision, 796
sum, 796
article, 796
towards, 796
expect, 796
executed, 795
reach, 795
internets, 794
pre, 794
structured, 794
subtype, 794
opaque, 793
big, 793
probe, 792
country, 792
derivative, 791
mills, 790
nsfnet, 790
spec, 789
corresponds, 788
corp, 788
radio, 787
translate, 786
exact, 785
medium, 785
sdh, 785
convert, 784
coding, 784
deering, 784
repository, 784
maintenance, 783
checking, 782
possibility, 782
concept, 781
defense, 781
converted, 780
understand, 780
post, 780
terminology, 778
compliant, 778
owner, 777
meter, 777
assignments, 777
agency, 777
fail, 776
implements, 776
databases, 776
cluster, 776
encountered, 775
sign, 775
internetwork, 775
dir, 775
absolute, 774
circuits, 774
stations, 774
answer, 774
cryptographic, 773
parent, 772
background, 771
idpr, 771
assumes, 769
ipsec, 768
runs, 767
template, 767
hold, 767
fix, 766
achieve, 766
warranties, 766
presence, 766
arc, 766
restricted, 765
exceptions, 764
cached, 762
variant, 761
recognized, 761
dropped, 761
seq, 760
goals, 760
aspects, 759
creates, 759
marked, 759
comparison, 759
begins, 757
legal, 757
calculation, 755
principal, 755
cell, 754
family, 753
boolean, 752
particularly, 752
dave, 751
acknowledged, 751
advantage, 750
ipms, 750
prop, 750
closing, 749
shortest, 749
distinct, 749
kernel, 748
berkeley, 748
auth, 747
listen, 747
latter, 746
starts, 746
carried, 745
manual, 745
fragmentation, 744
matter, 743
behaviour, 742
overall, 742
execution, 741
properly, 741
throughout, 740
computed, 740
channels, 739
engine, 739
circumstances, 738
paragraph, 738
multicasting, 736
topt, 736
pub, 735
prefixes, 735
peers, 734
dua, 734
routed, 734
sort, 733
uid, 732
produced, 732
pattern, 730
mentioned, 730
bell, 728
vendors, 727
ebcdic, 727
computation, 727
products, 725
reporting, 725
notifications, 725
cursor, 725
authorization, 724
building, 723
coded, 722
transferred, 720
trusted, 720
developing, 720
ipaddress, 719
uniform, 719
card, 719
central, 718
cidr, 718
clark, 716
half, 716
encodings, 715
initially, 715
submitted, 713
occurred, 713
enter, 713
documented, 713
certification, 713
models, 712
split, 711
highest, 711
poll, 709
activity, 709
boundaries, 708
behalf, 708
parse, 707
material, 707
counters, 705
age, 705
discusses, 704
iii, 703
deal, 702
fcs, 702
expressed, 701
frequency, 701
solutions, 701
capital, 701
put, 700
inform, 698
attacks, 697
pad, 697
archive, 697
increase, 696
double, 695
recognize, 693
subclass, 693
natural, 693
initialized, 693
intervals, 693
dynamically, 692
indicator, 692
internic, 692
merit, 692
facilitate, 691
kastenholz, 691
icp, 690
referenced, 690
introduced, 690
differences, 690
script, 690
diagram, 689
personal, 687
turn, 687
discuss, 687
refuse, 686
technique, 685
english, 685
univ, 684
accessed, 684
directories, 684
average, 683
affect, 682
passing, 682
scale, 681
isode, 680
encode, 679
requiring, 678
managing, 678
admd, 677
precision, 677
assign, 677
rejected, 677
sure, 676
agreement, 675
pending, 675
experiment, 674
rec, 674
bind, 674
depend, 673
ftam, 672
primarily, 672
offered, 672
parsing, 672
failures, 672
adjacency, 671
hughes, 671
endpoint, 671
quit, 671
processor, 671
tab, 671
permits, 670
strongly, 670
unavailable, 668
seems, 666
void, 665
potentially, 665
fragments, 665
frequently, 665
encouraged, 665
workshop, 664
absence, 663
anything, 663
tags, 663
express, 662
opened, 662
turtle, 662
postscript, 661
deployment, 660
terminals, 660
parallel, 659
advertising, 659
going, 659
really, 658
canonical, 657
chapter, 657
radius, 656
today, 656
switched, 655
regarding, 654
plain, 654
commonly, 652
lee, 652
isakmp, 652
collected, 652
hexadecimal, 652
road, 652
picture, 651
adds, 651
park, 651
operators, 651
constructor, 650
drive, 650
seen, 650
automatic, 650
obsolete, 650
verification, 649
ids, 649
clearly, 648
formatting, 648
recently, 648
pem, 648
expires, 648
idea, 647
disk, 646
symmetric, 646
integers, 646
forum, 646
fetch, 645
removing, 645
ames, 645
suppose, 644
abc, 644
llc, 643
programming, 643
conference, 642
del, 642
enhanced, 642
jim, 641
formed, 641
little, 640
relatively, 640
constructed, 640
costs, 639
comes, 639
granted, 638
invoked, 638
oid, 637
protected, 637
jan, 636
signaling, 636
serving, 635
sizes, 635
wants, 634
compared, 634
situations, 634
hours, 634
soon, 634
handbook, 634
ssl, 632
disabled, 632
dpi, 631
remainder, 631
consisting, 631
tokens, 630
hippi, 630
duplex, 630
silently, 629
returning, 629
goes, 628
listing, 627
conjunction, 627
prmd, 626
fashion, 626
directive, 626
washington, 626
negotiate, 626
limits, 624
exchanged, 624
almost, 623
envelope, 623
enterprise, 622
assuming, 622
itu, 622
signals, 622
logged, 622
unspecified, 621
ebnf, 621
generates, 620
whatever, 620
ien, 619
packages, 619
held, 619
originally, 618
revised, 618
suggests, 618
sensitive, 618
invoke, 617
mpm, 617
regional, 616
tftp, 616
primitives, 615
timing, 615
urls, 615
room, 614
eight, 614
modifications, 614
debugging, 613
construct, 613
categories, 612
interested, 612
wais, 612
candidate, 612
dict, 611
routine, 611
determining, 610
aggregate, 610
performs, 610
checked, 610
isis, 609
igmp, 609
permanent, 609
incorrect, 609
constants, 608
alpha, 608
nas, 608
kerberos, 607
iec, 607
src, 607
igp, 607
lack, 607
increasing, 606
spi, 606
bellcore, 606
borenstein, 606
vary, 605
console, 604
watson, 603
combined, 602
duration, 602
arrives, 602
historic, 601
supply, 601
customer, 600
drop, 600
entered, 600
administrators, 600
leave, 600
multipoint, 600
mcs, 599
branch, 599
assist, 598
rare, 598
thomas, 598
performing, 598
nak, 598
netrjs, 597
examine, 597
leading, 596
triggered, 596
temporary, 595
fast, 595
efficiency, 595
ordered, 594
rest, 594
workstation, 594
speaker, 594
heading, 593
reassembly, 593
sig, 593
missing, 592
responds, 592
subtree, 592
bugs, 592
establishing, 592
distinguish, 592
achieved, 592
permissions, 591
chunk, 591
formatted, 590
manage, 589
connecting, 589
decide, 588
framing, 588
existence, 588
encapsulating, 588
plans, 588
traps, 587
traceback, 587
execute, 587
confidentiality, 586
submission, 585
minor, 585
nbs, 585
ends, 583
messaging, 583
guarantee, 583
labels, 582
mike, 582
rje, 581
american, 581
sec, 581
editors, 580
protect, 580
soa, 580
isn, 579
csnet, 578
arrive, 578
interchange, 577
mixer, 577
knows, 577
ether, 577
michael, 576
stage, 574
united, 574
acknowledge, 572
mockapetris, 572
satellite, 572
trip, 572
isdn, 572
fin, 571
initiate, 570
hops, 570
periodically, 570
hinden, 570
eventually, 570
nov, 569
partridge, 569
street, 569
lsp, 568
interrupt, 568
native, 567
exchanges, 566
username, 566
bill, 566
installation, 566
hard, 566
prune, 566
printed, 565
uucp, 565
notion, 565
compare, 565
escape, 564
caused, 563
federal, 563
consist, 563
convenience, 563
year, 562
giving, 562
repeated, 561
round, 560
filtering, 560
evolution, 560
microsoft, 560
magic, 560
essential, 560
decisions, 559
raw, 559
maps, 558
growth, 558
harvard, 558
usenet, 557
disconnect, 557
serves, 557
cls, 557
nasa, 557
controller, 556
hmac, 556
why, 555
apple, 555
composed, 553
attack, 553
meet, 552
agentx, 552
ford, 552
embedded, 551
const, 551
capacity, 550
assigns, 549
approaches, 549
impact, 549
datetime, 549
presents, 549
oct, 549
preceding, 548
bootstrap, 547
fill, 546
utah, 546
entirely, 545
inserted, 545
perkins, 545
study, 545
slave, 544
literal, 544
win, 544
mobility, 543
images, 543
bradner, 543
expiration, 543
dual, 543
unable, 543
ccn, 543
early, 543
affected, 542
install, 542
concerned, 542
archie, 542
safe, 541
undefined, 541
explain, 541
subsystem, 541
acting, 541
wijnen, 541
mailboxes, 540
collections, 540
reflect, 540
convenient, 539
universal, 539
termed, 539
gets, 539
xid, 539
fred, 539
cambridge, 539
fit, 538
firewall, 538
factor, 538
simultaneously, 537
targets, 536
bindings, 536
understood, 536
iterable, 536
validation, 536
school, 535
delta, 535
easier, 535
lib, 535
equality, 534
raises, 534
nets, 534
hostname, 533
authenticator, 533
resolve, 533
retrieved, 532
jacobson, 532
highly, 532
think, 531
attention, 530
distutils, 530
validity, 530
retransmit, 529
incident, 529
somewhat, 529
slow, 528
phrase, 527
dial, 526
outstanding, 525
vol, 524
receivers, 524
debug, 524
switches, 524
refresh, 524
vpi, 523
spaces, 523
passes, 523
degree, 522
globally, 522
complexity, 522
vmtp, 522
floating, 522
acm, 521
consideration, 521
front, 520
treat, 520
learned, 519
voice, 519
milliseconds, 519
employed, 519
counts, 518
translations, 518
pvc, 518
tpdus, 517
blank, 517
correspond, 517
override, 517
lead, 517
passwords, 516
neighboring, 516
marker, 516
searching, 516
extent, 515
accomplished, 514
rowstatus, 514
furthermore, 514
append, 514
allocate, 514
improve, 514
mixed, 513
flooding, 513
brief, 512
carriage, 512
kinds, 511
davin, 511
stahl, 511
strict, 511
authorized, 511
distribute, 511
advertise, 510
communicating, 509
clocks, 508
vax, 508
applicability, 507
effectively, 507
conform, 507
delays, 507
practical, 507
loops, 506
moved, 506
feb, 506
explanation, 505
malkin, 505
company, 504
agreed, 504
auto, 504
deployed, 504
vcs, 504
tel, 503
measured, 503
past, 502
remains, 502
extend, 501
compute, 501
nsf, 501
maintaining, 501
minimize, 501
nist, 500
transfers, 500
counted, 500
latest, 500
suggest, 500
revoked, 499
passive, 499
sha, 499
newly, 498
kent, 498
descriptors, 497
stable, 497
cbc, 496
callback, 496
accordingly, 495
permission, 495
obj, 494
nothing, 494
crispin, 493
martin, 493
cells, 493
declared, 492
alex, 492
termination, 492
peak, 492
ideas, 492
loopback, 492
tested, 491
dsp, 491
coordinate, 491
conforming, 490
bodies, 490
san, 490
provision, 490
xxx, 489
contexts, 488
polling, 488
letters, 487
trying, 487
upstream, 487
rwhois, 487
offers, 487
getting, 487
caching, 486
participants, 486
quickly, 486
vertical, 485
filters, 484
bsd, 483
significance, 483
differ, 483
iterator, 482
expired, 482
configurable, 482
edge, 482
pilot, 481
transformation, 481
pkcs, 481
insert, 481
cleared, 481
offer, 481
efforts, 481
blocking, 480
managers, 480
qualified, 480
volume, 480
transform, 480
dit, 480
sap, 479
develop, 478
dst, 478
deletion, 478
dot, 478
dependencies, 477
tcb, 477
sep, 477
crl, 477
unlike, 477
schedule, 477
multiprotocol, 477
square, 476
float, 476
viewed, 476
expansion, 475
benefit, 475
interior, 475
proprietary, 475
handlers, 475
separately, 474
alignment, 474
willing, 474
kept, 473
happen, 473
obvious, 473
trailing, 473
interesting, 472
decode, 472
immediate, 471
backward, 471
multiplexing, 470
cpu, 470
jobs, 470
ext, 469
enables, 469
college, 469
recorded, 468
van, 468
unrecognized, 468
repeat, 467
unsupported, 466
expressions, 466
cancel, 466
serve, 466
issuer, 466
james, 466
snap, 466
operates, 465
depth, 465
maintains, 465
postal, 465
nested, 464
modem, 464
timers, 464
european, 464
incomplete, 464
continues, 464
dest, 464
rates, 464
instructions, 463
dsn, 463
independently, 463
portions, 463
printablestring, 463
confirmation, 462
linn, 462
proceedings, 462
skip, 462
galvin, 461
batch, 461
projects, 461
utility, 461
discussions, 460
pool, 460
hour, 460
roman, 460
signatures, 460
contiguous, 460
libraries, 459
burst, 458
allen, 458
campus, 457
stat, 457
scenario, 457
usual, 457
slightly, 457
five, 457
dedicated, 456
locate, 456
urn, 455
happens, 455
decoding, 454
topic, 454
atmarp, 454
queued, 453
octal, 453
confirm, 453
yield, 453
organisation, 453
faster, 452
interpret, 452
hypertext, 452
zip, 452
determination, 452
internetworking, 451
jun, 451
assumption, 451
london, 451
csr, 451
proposals, 450
carries, 450
finger, 450
improved, 450
intent, 449
implications, 449
communities, 449
tls, 449
increased, 449
originate, 449
comp, 449
estimate, 448
leaf, 448
tunneling, 448
license, 448
older, 448
glossary, 448
essentially, 447
concerns, 447
visible, 447
num, 447
crc, 447
atkinson, 447
portable, 447
consulting, 447
power, 447
bolt, 447
consecutive, 447
give, 446
flowspec, 446
jpeg, 446
uunet, 446
exceeded, 445
isp, 445
themselves, 445
brown, 445
exceed, 444
illegal, 444
carrying, 444
verified, 443
concern, 443
division, 443
topics, 443
dis, 443
evaluation, 442
opening, 442
wan, 442
alarm, 442
complement, 442
urgent, 442
solicitation, 441
locale, 440
submit, 440
lowest, 440
pim, 440
reduced, 439
networked, 438
selector, 438
forwards, 438
wave, 437
stated, 437
replacement, 437
responding, 437
six, 437
attendee, 437
retry, 436
principle, 436
effects, 435
fault, 435
assumptions, 435
accommodate, 435
taking, 435
merely, 434
director, 434
eric, 434
cuny, 434
tar, 434
survey, 433
representations, 433
pointers, 433
mid, 433
aug, 432
typing, 432
pgp, 432
connects, 432
expedited, 432
horizontal, 431
appended, 431
chain, 430
handshake, 430
supdup, 430
issuing, 430
loaded, 430
busy, 430
subcommand, 430
synchronized, 429
mogul, 429
netblt, 429
additionally, 429
examined, 428
attempting, 427
shell, 427
involves, 427
cunyvm, 426
pseudo, 426
ref, 426
bnf, 426
retransmissions, 426
unfortunately, 425
enhancements, 425
asyncio, 425
clouston, 424
rows, 424
readers, 424
individuals, 423
imports, 423
retransmitted, 422
synchronous, 422
agree, 422
alert, 422
rst, 422
anyone, 422
prime, 422
paul, 422
widget, 421
lans, 421
icalendar, 421
prompt, 421
copyrights, 421
cert, 421
mod, 421
inclusion, 420
irtf, 420
lengths, 420
cipher, 419
graph, 419
subscribe, 419
mtas, 419
realm, 418
ranges, 418
attachment, 418
implementor, 417
fraction, 417
associate, 417
impossible, 417
downstream, 417
beranek, 417
region, 417
adequate, 417
flexibility, 417
rtsp, 417
executive, 417
udel, 416
vci, 416
workstations, 416
berners, 415
opcode, 415
renumbering, 414
unnecessary, 414
integral, 414
redundant, 414
hdlc, 414
snd, 413
utc, 413
vms, 413
standardized, 413
imply, 413
months, 413
richard, 413
atom, 413
involve, 413
believe, 412
destined, 411
recommend, 411
caches, 411
lis, 411
consistency, 411
selecting, 410
choices, 410
diagnostic, 409
startup, 409
driver, 409
png, 408
accurate, 408
anycast, 408
implicitly, 407
carnegie, 407
nvt, 407
organizational, 407
won, 406
callable, 406
extensible, 406
multipurpose, 406
meaningful, 406
black, 405
infinity, 405
purdue, 404
largest, 404
disable, 404
band, 404
belongs, 404
bulk, 404
child, 403
inactive, 403
schools, 403
union, 402
excluding, 402
flexible, 402
strong, 402
ask, 402
foster, 402
xyz, 402
partner, 401
satisfy, 401
factors, 401
chap, 400
emsd, 400
handles, 400
business, 400
enum, 400
warranty, 400
north, 399
pipe, 399
conflict, 399
sdc, 399
quote, 398
typed, 398
intel, 398
calculate, 398
slot, 398
novell, 398
convey, 398
manually, 397
transitions, 397
unchanged, 397
newsgroup, 397
microsystems, 397
wrong, 396
interactions, 396
mailto, 396
experiments, 396
encrypt, 396
daemon, 396
symbolic, 396
serious, 395
significantly, 395
merchantability, 395
successors, 394
adams, 394
articles, 394
carefully, 394
looks, 394
expanded, 393
esro, 393
belonging, 393
weak, 393
configurations, 393
someone, 393
advantages, 392
coroutine, 392
covered, 392
det, 391
slip, 391
hpr, 391
unsolicited, 391
discover, 391
piece, 391
smds, 391
locations, 390
probability, 390
posting, 390
bibliography, 390
numbered, 390
edi, 390
indexed, 390
referral, 390
accessing, 389
gosip, 389
fitness, 389
scaling, 389
replay, 388
cable, 388
training, 388
nxt, 387
announcement, 387
hid, 387
combinations, 386
credit, 386
symbol, 386
initialize, 385
motivation, 385
traditional, 385
keyboard, 385
enhancement, 385
broken, 384
routeing, 384
tasks, 384
publish, 384
seem, 384
dlc, 384
separator, 384
mic, 383
enters, 383
forwarder, 383
choosing, 382
avenue, 382
listserv, 382
ahead, 382
quantity, 382
howes, 382
malis, 382
urllib, 381
meant, 381
newline, 381
ptr, 381
macintosh, 380
mibs, 380
subscriber, 380
released, 380
participate, 380
consortium, 380
thanks, 379
isif, 379
filled, 379
infringe, 379
scheduling, 379
approximately, 378
proposes, 378
ifentry, 378
dos, 378
furnished, 378
familiar, 378
terminates, 377
truthvalue, 377
participating, 377
editing, 377
adopted, 376
causing, 376
gauge, 376
looking, 376
exclusive, 376
lcs, 375
spam, 374
transmits, 374
doctest, 374
nfile, 374
loading, 374
interconnected, 374
holding, 374
displays, 373
tuples, 373
sgml, 373
acceptance, 373
broadcasts, 373
browser, 373
endif, 373
extremely, 373
bridges, 373
stdout, 372
nls, 372
locators, 372
coordination, 372
contacts, 372
alternatives, 372
hardcastle, 372
echoing, 371
graphical, 371
datacomputer, 371
disclaims, 371
uris, 371
tesink, 371
risk, 371
replication, 370
organizer, 370
adjacencies, 370
samples, 370
imported, 370
focus, 369
imap, 369
markup, 369
delegation, 368
organized, 368
warnings, 368
bridging, 367
propose, 367
cdata, 367
red, 367
aid, 367
proceed, 367
periods, 366
ripe, 366
answers, 366
increment, 365
curses, 365
advance, 365
tutorial, 365
multilink, 365
differs, 364
alvestrand, 364
selects, 364
successive, 364
recker, 364
cornell, 363
discovered, 363
concatenation, 363
seg, 363
meyer, 363
strictly, 363
propagated, 363
invocation, 363
assigning, 362
importance, 362
arrival, 362
rcpt, 361
fundamental, 361
timestamps, 361
covers, 361
complicated, 360
logout, 360
narten, 360
helpful, 360
meetings, 360
precise, 360
init, 360
subordinate, 359
declaration, 359
distinction, 359
suppress, 359
idrp, 359
proxies, 359
matrix, 358
proteon, 358
insensitive, 357
holds, 357
matched, 357
imps, 357
shift, 357
careful, 357
brian, 357
agencies, 357
hdr, 357
fips, 356
incorporated, 356
valueerror, 356
increases, 356
homed, 356
newsgroups, 356
estrin, 355
ctl, 355
former, 354
periodic, 354
alternatively, 354
res, 354
directions, 354
pmtu, 354
latency, 354
measurements, 353
svc, 353
delimiter, 353
associates, 353
rcv, 353
announce, 353
principles, 353
cname, 353
reaches, 352
resolved, 352
attempted, 352
topological, 352
fairly, 352
decryption, 351
measure, 351
dsas, 351
mgt, 351
sdlc, 351
esros, 351
arriving, 350
inclusive, 350
outbound, 350
routines, 349
friendly, 349
education, 349
ctypes, 349
vertex, 349
threads, 348
perpetual, 348
graphic, 348
admin, 348
bcp, 348
mtp, 348
isoc, 348
innosoft, 348
iftable, 347
threshold, 347
calculating, 347
feel, 347
storing, 347
meta, 347
los, 347
unlikely, 347
assert, 347
stores, 346
mellon, 346
imposed, 346
trunk, 346
relationships, 345
wildcard, 345
inputs, 345
years, 344
apr, 344
callon, 344
transmissions, 344
importlib, 344
doc, 344
esnet, 344
moving, 344
team, 343
overflow, 343
subdomain, 343
learn, 342
flooded, 342
powerful, 342
interconnect, 342
efficiently, 342
experimentation, 342
schoffstall, 342
arrived, 342
produces, 342
collision, 342
padlipsky, 341
fedor, 341
nimrod, 341
marking, 341
requestor, 341
reston, 341
mau, 341
pop, 341
denial, 340
flush, 340
delayed, 340
explained, 340
santa, 340
near, 340
myers, 340
bug, 339
lincoln, 338
acc, 338
exp, 338
shorter, 338
jul, 337
feedback, 337
improvement, 336
enriched, 336
leaving, 336
alone, 336
upon, 336
sorted, 335
config, 335
nmc, 335
compile, 335
controlling, 335
trivial, 335
searches, 334
rjs, 334
menu, 334
staff, 334
enumerated, 334
unauthorized, 334
sysuptime, 333
attach, 333
scenarios, 333
meanings, 333
cyrillic, 333
massachusetts, 333
benefits, 333
partition, 333
scott, 332
dass, 332
utilization, 332
granularity, 332
arithmetic, 332
errored, 332
mospf, 332
almquist, 332
places, 331
annex, 331
updating, 331
propagation, 331
deliver, 331
ltd, 331
interoperate, 331
nrl, 330
trigger, 330
esc, 330
usr, 330
custom, 330
cycle, 330
conformant, 330
conversation, 330
practices, 329
planning, 329
leader, 329
considerable, 328
supplies, 328
keepalive, 328
feed, 328
divided, 328
pid, 328
architectural, 327
bin, 327
accuracy, 327
delegated, 326
keeping, 326
accepting, 326
involving, 326
reuse, 326
talk, 326
keith, 326
closes, 326
dealing, 325
constructs, 325
inverse, 325
scan, 325
restrict, 325
hyperchannel, 325
cca, 325
zones, 324
rationale, 324
consensus, 324
contributions, 324
dover, 323
extracted, 323
compiler, 323
associations, 323
internally, 323
garbage, 323
nil, 323
incremental, 322
consult, 322
agreements, 322
met, 321
belong, 321
ping, 321
configuring, 321
subtypes, 321
senders, 321
clns, 320
confirmed, 320
william, 320
preceded, 319
eastlake, 319
drafts, 319
jeff, 319
marina, 319
oim, 319
acquire, 318
posix, 318
week, 318
authorities, 318
signalling, 318
font, 318
rmon, 318
perspective, 317
constraint, 317
approved, 317
param, 317
mrc, 316
concise, 316
applying, 316
beach, 316
asked, 316
settings, 316
removes, 316
quipu, 315
compress, 315
snanau, 315
ensures, 315
ease, 315
menlo, 314
conventional, 314
confusion, 314
validate, 314
excluded, 314
logically, 313
prototype, 313
padded, 312
initiation, 312
fewer, 312
whitespace, 312
cover, 312
integration, 312
exceeds, 312
transient, 312
appropriately, 311
fielding, 311
introduce, 311
qualifier, 311
military, 311
andrew, 311
tagged, 311
dom, 311
laboratories, 311
zeros, 311
york, 311
conf, 310
brackets, 310
rey, 310
cmot, 310
occurrence, 310
linear, 310
scripts, 309
specialized, 309
tkinter, 309
classical, 309
hill, 309
stdin, 309
journal, 309
illustrated, 309
simultaneous, 309
simulation, 309
unittest, 309
indeed, 308
guarantees, 308
parsed, 308
compiled, 308
scheduled, 308
avoided, 308
prog, 308
play, 307
feasible, 307
positions, 306
evidence, 306
relation, 306
patterns, 305
plaintext, 305
endpoints, 304
counting, 304
joe, 304
asymmetric, 304
labs, 304
cmip, 304
enclosed, 304
expects, 304
illinois, 304
wright, 303
calif, 303
carrier, 303
maxage, 303
subprocess, 303
anywhere, 303
export, 303
asterisk, 303
linked, 302
historical, 301
timeticks, 301
literals, 301
vaudreuil, 301
simplest, 301
notified, 301
obtaining, 301
detects, 301
redirection, 300
cmd, 300
usable, 300
customers, 300
outlined, 300
cryptography, 300
lab, 300
production, 299
gain, 299
presently, 299
simpler, 299
columns, 298
utilize, 298
aborted, 298
revocation, 298
pixels, 298
parc, 298
inbound, 298
coltun, 298
tim, 298
caveats, 297
comma, 297
nbns, 297
rely, 297
speakers, 297
insufficient, 297
observed, 297
finite, 297
soft, 297
proc, 297
academic, 296
reasonably, 296
satnet, 296
contrast, 296
reflects, 296
glenn, 296
csu, 296
thought, 296
collect, 295
hall, 295
approval, 295
dev, 295
uniqueness, 295
registering, 295
strategies, 294
mass, 294
elsewhere, 294
valuable, 294
listening, 294
replaces, 294
prospero, 294
bounds, 294
widespread, 294
simplicity, 294
analogous, 293
live, 293
pixel, 293
excess, 293
sophisticated, 293
optimization, 293
translated, 293
interact, 293
simplify, 292
numbering, 292
partially, 292
sampling, 292
resolvers, 292
cas, 292
aligned, 292
views, 292
initiates, 291
comparisons, 291
minus, 291
math, 291
converting, 291
leaves, 290
straightforward, 290
dut, 290
typeerror, 290
originates, 290
recursive, 290
droms, 289
thereby, 289
reliably, 289
solve, 289
extensive, 289
george, 289
err, 288
acts, 288
developers, 288
posted, 288
truncated, 288
bundle, 288
everything, 288
prohibited, 288
vcard, 287
nhs, 287
maildrop, 287
loader, 287
advice, 287
reduces, 287
credential, 287
solicited, 287
bye, 287
bytearray, 286
buffering, 286
construction, 286
understanding, 286
suppressed, 286
executing, 286
subsequently, 285
container, 285
acct, 285
chris, 285
modulo, 285
mailer, 285
solely, 284
ddp, 284
pkt, 283
rutgers, 283
behind, 283
lbl, 283
saved, 283
boot, 283
industry, 282
uncompressed, 282
datalanguage, 282
finding, 282
retained, 282
crash, 282
robust, 281
listener, 281
numerous, 281
evaluated, 281
accordance, 281
west, 280
retain, 280
unnumbered, 280
regard, 280
endian, 280
limiting, 280
acme, 280
ident, 280
coordinates, 279
capture, 279
stateless, 279
illustrates, 279
trans, 278
backwards, 278
breakpoint, 278
moves, 278
robustness, 278
subfield, 278
pcmail, 278
tries, 278
reduction, 278
locator, 277
reconnection, 277
chooses, 277
ecn, 277
mcc, 277
tion, 277
broadcasting, 277
hit, 277
psi, 276
executable, 276
anticipated, 276
erase, 276
terminating, 275
temporarily, 275
xdr, 275
eliminate, 275
intro, 275
finds, 275
ehlo, 274
securitylevel, 274
milnet, 274
mutual, 274
ancillary, 274
bhushan, 274
extending, 274
restarted, 274
download, 273
rfnm, 273
admiralty, 273
gamma, 273
wire, 273
hint, 273
fig, 272
operated, 272
earn, 272
utilities, 272
trailer, 272
parentheses, 272
middle, 272
cohen, 272
subnetworks, 272
teletype, 272
stderr, 272
majority, 272
insure, 272
leads, 271
consequently, 271
mesh, 271
pro, 271
representative, 271
cookies, 271
spanning, 271
marshall, 270
preserve, 270
remember, 270
students, 270
klensin, 270
rename, 270
michigan, 270
thank, 270
monitored, 270
driven, 270
fragmented, 269
detecting, 269
cease, 269
ipm, 269
marks, 269
inner, 269
alerts, 269
aggregated, 269
worst, 269
relating, 269
aliases, 269
violation, 269
decides, 269
chinese, 269
hems, 269
nlpid, 268
opt, 268
linemode, 268
reads, 268
lease, 268
europe, 268
rtcp, 268
discouraged, 268
ending, 268
tech, 267
pki, 267
charter, 267
closely, 267
timeouts, 267
infinite, 267
stewart, 267
readline, 267
scheduler, 267
postmaster, 267
sipp, 266
synch, 266
dawson, 266
packard, 266
dates, 266
disconnected, 266
keyed, 266
ncc, 266
masinter, 266
continued, 266
grammar, 266
denotes, 265
breaks, 265
correction, 265
esmtp, 265
wrap, 265
vevent, 265
secrets, 265
dataset, 265
vice, 265
odd, 265
subclasses, 265
clinic, 265
prevents, 264
pickle, 264
dept, 264
lll, 264
releases, 264
assistance, 264
dap, 264
popular, 263
nosc, 263
abstraction, 263
defect, 263
persistent, 263
cern, 263
newer, 263
entering, 262
async, 262
micro, 262
symbols, 262
modulus, 262
gross, 262
twice, 262
mss, 262
simplified, 262
uci, 262
accounts, 262
angle, 262
disclosure, 262
extract, 262
aspect, 262
cybercash, 261
zhang, 261
instruction, 261
appc, 261
statistical, 261
strip, 261
expunge, 261
sensitivity, 260
bottom, 260
func, 260
substantial, 260
hewlett, 260
modifying, 260
trees, 259
debugger, 259
larry, 259
clp, 259
temp, 259
additions, 259
reservations, 259
yale, 259
outputs, 259
employ, 258
month, 258
registries, 258
provisions, 258
tom, 258
sasl, 257
queues, 257
labeled, 257
optimal, 257
conferencing, 257
psn, 257
gif, 257
establishes, 257
obviously, 256
reducing, 256
cid, 256
codecs, 256
karn, 256
formerly, 256
inria, 256
contacted, 256
publishing, 256
operand, 256
ordinary, 255
variation, 255
briefly, 255
rtt, 255
greene, 255
save, 254
rarp, 254
altered, 254
scmp, 254
nntp, 254
introduces, 253
implementers, 253
labelled, 253
nameserver, 253
peter, 253
eof, 253
multiprocessing, 252
verbose, 252
guidance, 252
propagate, 252
whereas, 252
dte, 252
stale, 252
firewalls, 251
ken, 251
vtodo, 251
exponent, 251
indirect, 251
registrations, 251
pure, 250
charles, 250
interoperation, 250
idp, 250
jones, 250
difficulty, 250
feinler, 250
realize, 249
schulzrinne, 249
augmented, 249
versus, 249
decoded, 249
council, 249
adopt, 249
syntactic, 249
invoking, 249
sufficiently, 249
smallest, 249
inspect, 249
positional, 248
tend, 248
valued, 248
radc, 248
signing, 248
masks, 248
planned, 248
armitage, 248
architectures, 248
johnson, 248
comparing, 248
anderson, 248
interprocess, 247
automated, 247
recommends, 247
cgi, 247
deleting, 247
dictionaries, 247
classification, 247
argparse, 247
semantic, 246
continuous, 246
sequential, 246
recording, 246
handley, 246
market, 246
affects, 246
keeps, 245
treatment, 245
chunks, 245
communicated, 245
untagged, 245
buffered, 245
roles, 245
push, 245
rdp, 245
canada, 245
css, 245
tape, 244
discretion, 244
reside, 244
oui, 244
atomic, 244
arabic, 244
countries, 244
speeds, 244
largely, 244
dhcprequest, 244
subtrees, 244
descriptive, 244
slice, 244
leap, 244
phivcounter, 243
lightweight, 243
tell, 243
vnd, 243
eor, 243
compromise, 243
conflicts, 243
opposed, 242
bypass, 242
blumenthal, 242
variance, 242
parity, 242
huitema, 242
quantities, 242
pointed, 242
cbt, 242
logs, 242
craig, 242
encourage, 241
timed, 241
syntaxes, 241
reconfiguration, 241
con, 241
ambiguity, 241
quench, 241
mpeg, 241
worth, 240
presumably, 240
considering, 240
constrained, 240
indexing, 240
prefer, 240
eol, 240
jose, 239
america, 239
conforms, 239
romano, 239
dotted, 239
retrieving, 239
json, 239
aim, 239
acquired, 239
grouped, 239
corporate, 238
summarized, 238
actively, 238
pkix, 238
walden, 238
differentiated, 238
tspec, 238
outer, 238
differently, 238
tid, 238
arg, 238
rice, 237
designers, 237
nor, 237
greg, 237
superior, 237
attendees, 237
examining, 237
conditional, 237
transparency, 237
stamp, 237
rsp, 237
rdn, 237
rivest, 237
claim, 237
longest, 237
meets, 236
shape, 236
exchanging, 236
encrypting, 236
denote, 236
preserved, 236
selective, 236
concurrent, 236
lawrence, 236
says, 236
resv, 235
checksums, 235
unacceptable, 235
afi, 235
colon, 235
characteristic, 235
forces, 235
ecma, 235
enterprises, 235
gssapi, 235
companion, 234
elapsed, 234
ipsilon, 234
edit, 234
press, 234
concatenated, 234
learning, 234
super, 234
scalability, 233
expensive, 233
iteration, 233
sequencing, 233
spkm, 233
frank, 233
informed, 233
linux, 233
rdata, 233
macros, 232
errno, 232
securitymodel, 232
deutsch, 232
bucket, 232
wisc, 232
estimated, 232
alter, 232
approximate, 232
continuation, 232
showing, 231
dispatcher, 231
spf, 231
concrete, 231
snpa, 231
att, 231
alto, 231
arbitrarily, 231
daniel, 230
dtstart, 230
evaluate, 230
traceroute, 230
impose, 230
waits, 230
dialog, 230
adjust, 230
webdav, 230
avoids, 230
expak, 229
cont, 229
broad, 229
figures, 229
slash, 229
retr, 229
generalized, 229
synchronize, 229
nonce, 229
unexpected, 229
dump, 229
audit, 228
brl, 228
excessive, 228
avoidance, 228
considers, 228
aurp, 228
steven, 228
finished, 228
recover, 228
otp, 228
attacker, 227
tunnels, 227
dce, 227
weight, 227
acks, 227
convergence, 227
mind, 227
alphabet, 227
builds, 227
repr, 227
tells, 226
kaufman, 226
filenames, 226
davis, 226
scsp, 226
proplist, 226
avi, 226
enabling, 226
endlist, 226
incompatible, 226
streaming, 226
joining, 226
identities, 225
auxiliary, 225
ipn, 225
angeles, 225
ope, 225
absent, 225
umn, 225
doi, 225
paging, 225
nadf, 225
https, 225
lapb, 225
hellman, 224
span, 224
unisys, 224
philosophy, 224
personnel, 224
cdc, 224
installing, 223
advisory, 223
cnri, 223
referring, 223
heterogeneous, 223
equals, 223
nul, 223
opportunity, 223
cosine, 223
carpenter, 223
addendum, 223
relayed, 223
isolated, 223
transmitter, 223
book, 223
sdrp, 222
noc, 222
versa, 222
metadata, 222
sizeof, 222
exec, 222
threats, 222
instantiation, 222
greek, 222
pointing, 222
kwargs, 222
timely, 222
joint, 222
contextengineid, 222
framed, 221
invite, 221
dca, 221
distributing, 221
compressor, 221
incorporate, 221
denied, 221
equally, 221
decided, 221
hoc, 221
developments, 221
noop, 221
quick, 221
queueing, 221
variants, 221
opens, 220
attr, 220
directional, 220
stability, 220
usm, 220
duas, 220
logic, 220
aal, 220
carl, 220
manipulation, 220
jeffrey, 220
miscellaneous, 220
individually, 220
nsaps, 220
steering, 220
contextname, 220
dispersion, 220
conversions, 220
amounts, 219
prints, 219
decrypt, 219
papers, 219
threading, 219
westine, 219
chairman, 219
publications, 219
keying, 219
precisely, 219
wishing, 219
tty, 219
ill, 219
signifies, 219
netinet, 218
cpython, 218
compound, 218
cheriton, 218
fourth, 218
researchers, 218
occasionally, 218
migration, 218
harrington, 218
nnn, 218
segmentation, 218
initiating, 218
vpim, 218
tis, 218
diagrams, 217
certainly, 217
reversed, 217
inappropriate, 217
paradigm, 217
percent, 217
apparent, 216
ned, 216
generators, 216
measures, 216
sgi, 216
subscribers, 216
directives, 216
quotes, 216
relaying, 216
ciphertext, 216
inconsistent, 215
summarizes, 215
constitute, 215
cos, 215
freely, 215
cray, 215
dtp, 215
locked, 214
reviewed, 214
suffix, 214
iftype, 214
summarize, 214
yields, 214
ing, 214
bidirectional, 214
decompressor, 214
lambert, 214
legitimate, 214
enet, 214
merchant, 214
nop, 213
acap, 213
flat, 213
favor, 213
inactivity, 213
reflected, 213
copying, 213
callers, 213
displaying, 213
ullmann, 213
wanted, 213
acquisition, 213
formatter, 213
harslem, 212
filesystem, 212
differing, 212
rigney, 212
hidden, 212
fair, 212
gary, 212
mostly, 212
sized, 212
transferring, 212
severely, 212
cit, 212
registers, 212
harv, 212
tnvip, 212
kdc, 212
var, 212
forming, 212
neuman, 212
scientific, 212
satisfied, 212
claims, 212
correspondence, 211
wrapper, 211
overlap, 211
growing, 211
rem, 211
theory, 211
ave, 211
resp, 211
physically, 211
bressler, 211
rendezvous, 211
respective, 210
ipc, 210
xylogics, 210
limitation, 210
ssp, 210
dan, 210
deferred, 209
traverse, 209
diffie, 209
announced, 209
ifd, 209
bsr, 209
optimized, 209
interim, 208
verifier, 208
combining, 208
subnetting, 208
stephen, 208
triple, 208
pager, 208
bool, 208
nsw, 207
sdp, 207
coming, 207
subagent, 207
abnf, 207
katz, 207
demo, 207
jitter, 207
concerning, 207
apis, 207
verifying, 207
fixes, 206
hoffman, 206
winter, 206
indices, 206
joyce, 206
compressing, 206
foundation, 206
barbara, 206
semi, 206
rcte, 206
producing, 205
despite, 205
programmer, 205
palo, 205
colorado, 205
adj, 205
noctools, 205
indexes, 205
align, 205
companies, 204
importing, 204
subnetted, 204
tsap, 204
rsre, 204
combine, 204
tickets, 204
mismatch, 204
securityname, 204
duplicates, 204
proof, 204
gmt, 203
composition, 203
subpicture, 203
flushed, 203
objective, 203
intellectual, 203
everyone, 203
varying, 203
elliott, 203
undesirable, 203
optimize, 203
cycles, 203
conversations, 203
irc, 202
blue, 202
ron, 202
ber, 202
legacy, 202
exported, 202
tagging, 202
predicate, 202
ambiguous, 202
objectives, 202
expand, 202
tuba, 201
cooperating, 201
converts, 201
writes, 201
duplication, 201
egress, 201
honeywell, 201
accomplish, 201
conclusion, 200
preferable, 200
sync, 200
extends, 200
odette, 200
harrenstien, 200
mon, 200
executes, 200
calculations, 199
interoperable, 199
printf, 199
preclude, 199
ensuring, 199
conclusions, 199
ratio, 199
bus, 199
variations, 199
attributetype, 199
doe, 199
materials, 199
roughly, 199
secretariat, 199
uas, 199
interests, 198
remotely, 198
bates, 198
greatly, 198
dmsp, 198
stopped, 198
repair, 198
offsets, 198
requester, 198
beta, 197
grow, 197
looped, 197
removal, 197
mrose, 197
unreliable, 197
unified, 197
replacing, 197
oserror, 197
plane, 197
processors, 197
nbp, 197
tracking, 196
mnemonics, 196
searched, 196
compact, 196
enforce, 196
callaghan, 196
clarification, 196
acute, 196
rosen, 196
rpt, 196
unambiguous, 196
collisions, 196
discards, 196
regions, 196
recurrence, 196
ucs, 196
enumeration, 196
steenstrup, 196
tried, 196
teletex, 196
argumentparser, 196
programmers, 196
relies, 195
pick, 195
indications, 195
gained, 195
referrals, 195
lus, 195
mci, 195
intention, 195
occurrences, 195
nearly, 195
scr, 194
participation, 194
increasingly, 194
lambda, 194
recognizes, 194
partitioned, 194
becoming, 194
ann, 194
sntp, 193
heavily, 193
barker, 193
saperia, 193
activated, 193
wellfleet, 193
promote, 193
typedef, 193
centralized, 193
chance, 193
kirkpatrick, 193
continuing, 193
claimed, 193
privileges, 193
payloads, 192
intelligent, 192
realized, 192
revisions, 192
subsystems, 192
phb, 192
eng, 192
announcements, 192
arise, 192
worked, 192
chen, 192
loc, 192
vln, 192
deemed, 192
expire, 192
fiber, 192
specifier, 191
got, 191
coordinated, 191
decker, 191
xor, 191
writer, 191
publicly, 191
decoder, 191
suites, 191
microseconds, 191
mathematical, 191
gatewaying, 191
rts, 191
predefined, 191
netscape, 191
instrumentation, 191
avoiding, 191
functioning, 191
resolving, 190
blocked, 190
pstn, 190
bragg, 190
ldp, 190
allocating, 190
threat, 190
violations, 190
clarify, 189
itip, 189
assurance, 189
mapos, 189
app, 189
visual, 189
anyway, 189
cbms, 189
dtd, 189
southern, 189
travel, 188
optparse, 188
introducing, 188
maus, 188
roaming, 188
shutdown, 188
arises, 188
possibilities, 188
xns, 188
worldwide, 187
kahn, 187
drawn, 187
believes, 187
luciani, 187
cseq, 187
redundancy, 187
correctness, 187
outcome, 187
nren, 187
virus, 186
reserve, 186
sound, 186
dixie, 186
administered, 186
owned, 186
lzs, 186
patent, 186
omit, 186
stops, 186
rapid, 186
served, 186
hints, 186
userid, 186
stratum, 186
hole, 186
trade, 186
evolve, 186
idi, 186
nat, 186
sides, 185
redirects, 185
succeeds, 185
throop, 185
bytecode, 185
lsps, 185
delimited, 185
interworking, 185
rijsinghani, 185
consequence, 185
dls, 185
crls, 185
argonne, 185
completes, 184
nearest, 184
interpreting, 184
funding, 184
inet, 184
clarity, 184
commerce, 184
preferences, 184
fowler, 184
occurring, 184
itertools, 184
replicated, 184
bridged, 184
authenticating, 183
organisations, 183
acl, 183
berger, 183
succeed, 183
trustees, 183
admission, 183
commercially, 183
benchmarking, 183
accent, 183
wang, 182
secretary, 182
translating, 182
columbia, 182
dlci, 182
est, 182
tzinfo, 182
debry, 182
suggestion, 182
connolly, 182
gzip, 182
centers, 182
intervening, 182
namely, 182
contribution, 182
cooperation, 181
deletes, 181
chaos, 181
brownlee, 181
tops, 181
solved, 181
photuris, 181
mankin, 181
gsmp, 181
symbolics, 181
sts, 181
querying, 181
marc, 181
tentative, 181
tao, 181
organisational, 180
timezone, 180
awaiting, 180
randomly, 180
externally, 180
kaliski, 180
idup, 180
reboot, 180
barry, 180
isps, 180
methodology, 180
mdn, 180
guess, 180
sql, 180
edt, 180
granting, 180
rapidly, 180
alphanumeric, 180
synchronizing, 179
behave, 179
inherited, 179
transparently, 179
housley, 179
chung, 179
activation, 179
eligible, 179
dimensional, 179
vpn, 179
caltech, 179
jack, 179
sas, 179
navy, 179
resent, 179
tracing, 179
unsuccessful, 179
subscription, 179
comm, 179
hyphen, 179
didn, 178
conceptually, 178
tony, 178
grouping, 178
dek, 178
bboard, 178
xxxx, 178
magnitude, 178
locality, 178
demonstration, 178
acknowledges, 178
openssl, 178
bulletin, 177
gps, 177
tarfile, 177
permanently, 177
greeting, 177
speech, 177
oif, 177
alan, 177
broadband, 177
overridden, 177
printers, 177
asks, 177
profiles, 177
umich, 177
illustrate, 176
intervention, 176
placing, 176
referencing, 176
gaia, 176
frequent, 176
ipcp, 176
backslash, 176
arcnet, 176
parsers, 176
lang, 176
oakley, 176
desire, 176
insertion, 176
charge, 176
varadhan, 176
holdtime, 176
worm, 176
trewitt, 176
nickname, 175
informal, 175
advised, 175
idu, 175
machinery, 175
vemmi, 175
wherever, 175
comprises, 175
surname, 175
mccahill, 175
aids, 175
venera, 175
sax, 175
evaluating, 175
difficulties, 174
dcs, 174
sup, 174
demands, 174
cole, 174
rtr, 174
nyu, 174
iss, 174
der, 174
constructing, 174
subaddress, 174
bitmap, 174
equivalence, 174
maximize, 174
signer, 174
adspec, 174
cni, 174
listens, 173
teardown, 173
conn, 173
classless, 173
scalable, 173
shenker, 173
ais, 173
snpp, 173
prefixed, 173
energy, 173
bureau, 173
oda, 173
asbr, 173
nir, 173
discarding, 173
jis, 172
abbreviated, 172
chip, 172
wahl, 172
maturity, 172
ups, 172
late, 172
mnemonic, 172
performer, 172
apollo, 172
incorrectly, 172
helo, 172
ultimate, 172
isbn, 172
csa, 172
alive, 172
modifier, 172
nri, 171
suppression, 171
sack, 171
wrapped, 171
lsb, 171
pcp, 171
pca, 171
numerical, 171
damage, 171
stateful, 171
gigabit, 171
assure, 171
msb, 171
breaking, 171
zlib, 171
derive, 171
sees, 171
negotiating, 171
wideband, 170
corrected, 170
adaptive, 170
syntactically, 170
netfind, 170
distant, 170
dcn, 170
parsons, 170
ingress, 170
completeness, 170
mutable, 170
bartky, 170
dots, 170
malamud, 170
lot, 170
experienced, 170
drs, 170
ongoing, 170
ols, 170
synoptics, 170
pieces, 170
volatile, 170
deflate, 169
recognition, 169
demonstrated, 169
examination, 169
preventing, 169
nordmark, 169
felt, 169
ans, 169
inherent, 169
layout, 169
phases, 169
loose, 169
bcc, 169
columnar, 169
panel, 169
clarifications, 169
button, 169
cheng, 169
preliminary, 169
christian, 168
manipulate, 168
rejection, 168
inch, 168
resides, 168
rossen, 168
nss, 168
pvcs, 168
eastern, 168
vectors, 168
raymond, 168
ntt, 168
erroneous, 168
dav, 168
malicious, 168
enhance, 167
varies, 167
contract, 167
outline, 167
mrsq, 167
layering, 167
cip, 167
upgrade, 167
readily, 167
pos, 167
obsoleted, 167
satz, 167
mcmaster, 166
enforcement, 166
encodes, 166
cpcs, 166
mutually, 166
uuid, 166
boxes, 166
decrease, 166
sigcomm, 166
eroman, 166
whereby, 165
rendering, 165
permissible, 165
multicasts, 165
splitting, 165
finder, 165
weider, 165
enc, 165
kielczewski, 165
punch, 165
weeks, 165
formation, 165
val, 165
decrypted, 165
forced, 165
subcommands, 165
parenthesized, 165
ccp, 165
compromised, 165
nan, 165
redirected, 164
purge, 164
vulnerable, 164
traversed, 164
encoder, 164
sollins, 164
bilateral, 164
joined, 164
iris, 164
japan, 164
bibliographic, 164
symposium, 164
broker, 164
allocchio, 164
tpc, 164
zipfile, 163
lewis, 163
asking, 163
smfs, 163
grant, 163
stages, 163
coexistence, 163
election, 163
ocsp, 163
green, 163
substring, 163
dcnet, 163
emulation, 163
metering, 163
dbc, 163
expr, 163
experts, 163
runtime, 163
adjective, 163
dist, 163
ownership, 163
stacks, 163
educational, 162
guest, 162
dms, 162
isib, 162
led, 162
bogus, 162
interfaceindex, 162
modern, 162
tgs, 162
netware, 162
fuller, 162
borman, 162
getnext, 162
tennessee, 162
builtins, 161
subcode, 161
intensity, 161
colors, 161
refuses, 161
nms, 161
putting, 161
svlid, 161
argv, 161
validated, 161
colella, 161
stevens, 161
srv, 161
dropping, 161
repeaters, 161
getresponse, 161
ifoperstatus, 161
enclosing, 161
alphabetic, 160
adaptation, 160
informs, 160
nnsc, 160
ggp, 160
moment, 160
msl, 160
rep, 160
refusal, 160
explains, 160
ignoring, 160
doug, 160
mtview, 160
vertices, 159
arrays, 159
opposite, 159
failing, 159
recall, 159
inserts, 159
adjusted, 159
bps, 159
rvlid, 159
exclude, 159
modeled, 159
ahip, 159
ind, 159
irsg, 159
alt, 159
designation, 159
thinking, 159
aren, 159
tacacs, 159
intelligence, 159
encapsulate, 159
levi, 159
zilles, 158
intersection, 158
globals, 158
heafner, 158
multihomed, 158
ass, 158
designate, 158
kostick, 158
alexander, 158
duplicated, 158
emitted, 158
trust, 158
substitute, 158
rejects, 158
gilligan, 158
eliminated, 158
universities, 158
adoption, 158
verifies, 157
enforced, 157
robinson, 157
merged, 157
flick, 157
proven, 157
sslcontext, 157
justified, 157
fallback, 157
invoker, 157
loads, 157
hastings, 157
sunos, 157
foobar, 157
unusual, 157
filehandle, 156
quoting, 156
iptw, 156
kevin, 156
affecting, 156
talking, 156
ucb, 156
risks, 156
echoed, 156
snmpengineid, 156
proto, 156
dhcpoffer, 156
stenerson, 156
factory, 156
purely, 156
candidates, 156
exponential, 155
sock, 155
books, 155
expense, 155
collaboration, 155
geographical, 155
timedelta, 155
alg, 155
disadvantage, 155
mbps, 155
solicitations, 155
substantially, 155
nswc, 155
resulted, 155
collecting, 155
allocations, 155
student, 155
trouble, 155
unbind, 155
dialogue, 155
pay, 155
corrections, 155
percentage, 155
styles, 155
arch, 154
lexical, 154
hedrick, 154
notebook, 154
dmcg, 154
rev, 154
scopes, 154
bursts, 154
elected, 154
proceeds, 154
thinwire, 154
decorator, 154
delegate, 154
fatal, 154
hap, 153
nick, 153
uiuc, 153
score, 153
geographic, 153
falls, 153
nicname, 153
resets, 153
francis, 153
diego, 153
orders, 153
nis, 153
dvmrp, 153
reaching, 152
cancelled, 152
pcs, 152
dph, 152
urns, 152
comprehensive, 152
packed, 152
popen, 152
pipelining, 152
height, 152
eliminates, 152
williamson, 152
japanese, 152
designing, 151
participant, 151
knowing, 151
manageable, 151
banan, 151
ohio, 151
nonzero, 151
inline, 151
